Feature Representation,Model,Accuracy (%),F1-Score
Acoustic Only (123-dim),Logistic Regression,64.46%,0.6686
Acoustic Only (123-dim),SVM (RBF),58.48%,0.6214
Deep Embeddings Only (512-dim),Logistic Regression,71.11%,0.7226
Deep Embeddings Only (512-dim),SVM (RBF),68.68%,0.7119
Conversational Timing Biomarkers (15-dim),Logistic Regression,72.35%,0.7307
Conversational Timing Biomarkers (15-dim),SVM (RBF),69.91%,0.7061
Early Multimodal Concatenation (650-dim),Logistic Regression,73.53%,0.7373
Early Multimodal Concatenation (650-dim),SVM (RBF),69.91%,0.7205
Proposed Multimodal Gated Fusion (Ours),Gated Fusion Network,80.16%,0.8059
